"","iPSC","NCX_EarlyFetal","NCX_MidFetal","NCX_LateFetal","NCX_Infant","NCX_Child","NCX_Teens","NCX_Adult"
"ENSG00000150625.16",0.644044526431439,8.54047242568864,8.3438553061014,7.98737900820506,8.18754958604899,7.68863690768351,7.45147341830034,7.26720964135584
"ENSG00000132639.12",0.240739913733128,6.18304057370024,5.75695584330572,5.29772581973433,7.56409809719388,7.46374311503512,9.1345546986214,9.66994079442058
"ENSG00000104435.13",1.69949435384022,10.1123515335848,10.7122487768305,9.31623965531066,8.63147674180558,7.21750296027338,7.90748563275091,8.18560532609608
"ENSG00000170091.10",0.0992904204566458,8.4445411776226,8.28984913870484,6.88248095305076,6.66568884538464,5.9483785407864,6.4845354050407,6.63162694450505
"ENSG00000139970.16",0.5629831208772,7.55948527165508,7.78081781609624,6.62556058880565,6.41109950891231,5.83759904402215,6.93128603811701,7.48866755990352
"ENSG00000102109.8",1.41262512460892,7.00407591083934,7.34213632915421,8.93417625215785,7.71353919913601,7.77821722331835,7.42155373090777,7.90276205590639
"ENSG00000015592.16",0.0593440726515211,6.68810106379526,7.337073755633,6.68654024531155,5.72601585376315,5.29571099000769,5.64727308488862,5.88800384830736
"ENSG00000162545.5",1.67812537602319,6.46161181321638,6.76150341164569,6.81020977105525,8.57955540328115,8.512889540469,8.51779069206767,8.41244408103143
"ENSG00000087250.8",0.0242390001507867,1.79797584940031,3.51442334371691,8.08713023990735,8.16309210532777,8.37426577152487,7.75268429659734,7.50881236301621
"ENSG00000145284.11",0.821079186489637,7.22260650857149,6.97250847260678,6.61106134058516,6.64352899895851,6.73058117753473,6.67576441804948,6.52006788874092
"ENSG00000105649.9",1.48388928914575,7.22199851338681,7.52506387152933,7.08736046507399,7.02353426684345,6.78306551234718,7.77410060474862,8.20534356213374
"ENSG00000132821.11",0.704333643357168,7.48536153804886,7.37176383436097,7.49971388671896,6.26018517790285,5.73111488204474,6.03100939586297,6.14190978406876
"ENSG00000135472.8",0.167570411538917,4.2401281304691,4.968644626124,5.39645123927741,5.80170313969003,6.43744794821197,7.34795116230165,7.82416182290527
"ENSG00000145920.14",0.471976505420183,4.98709177217785,5.88199575992115,5.57752030920672,6.4214517463883,6.23573958382464,7.10729826186196,7.55716295517977
"ENSG00000110436.11",0.330173463001237,4.52922290338804,4.1833845989721,5.89105328123877,7.24089571857863,7.6671347695707,7.22938544939057,6.56488021126684
"ENSG00000174521.7",0.133506105575135,5.12183174272126,6.10226453676455,6.97167528162856,6.69298167206621,6.26855710001751,5.66687221358992,5.4510419881804
"ENSG00000164600.6",0,8.93356511714431,8.10795705508324,5.36607824985712,4.83882029911884,3.43706600958981,4.06960887761791,4.43811249339606
"ENSG00000121905.9",0.438704490658511,4.64077298653801,5.1950610696518,7.03629355622308,6.69976223306057,6.77106910922454,7.09823679219842,6.91152217641817
"ENSG00000008441.16",0.0893641235878532,6.74093358049084,6.91640541765307,5.86488047969639,4.80134850564832,5.10418018675051,5.2661850365093,5.45665521495123
"ENSG00000176956.12",0.278855594611975,5.53908452743096,6.34947499264721,7.30844466093629,6.18801642771192,5.79269242922322,5.68924247781772,5.80840193189272
"ENSG00000131914.10",9.02002167303607,0.00415255600474861,0.00817040865898112,0.00598810267035027,0.00745181345688635,0.0161077059069175,0.0105526818217283,0.005545607097101
"ENSG00000265992.1",8.98969283294069,0.0136267511235491,0.0432235438868831,0.028423174572443,0.0646860980012314,0.0597728530233784,0.0638694988231512,0.0739087493431994
"ENSG00000204531.16",8.70310057323253,0.0533948800365434,0.0758677805899029,0.0901792687724195,0.0489717282906061,0.0522355148419409,0.0638254589404388,0.0781473082438703
"ENSG00000088305.18",8.7022387406022,1.51459560519485,1.66284740617393,0.89555817638618,0.361831573464129,0.21923485907969,0.236784095712911,0.295967865609745
"ENSG00000240563.1",7.89251362644,0.0935900547307984,0.058454211513428,0.107629036748405,0.0634775982135332,0.0277780406872148,0.0262398748959561,0.0563105618993854
"ENSG00000184697.6",8.29433243435061,1.12991729306465,0.767852001102485,0.638009092518222,0.222400390235639,0.129723943695941,0.14942711666772,0.162375743426084
"ENSG00000121570.12",7.4962703482416,0.190178416145468,0.172947089899948,0.157332855790523,0.0724671558582728,0.0470512012640372,0.0258680877842559,0.0360204577814373
"ENSG00000241186.8",7.41775462237517,0.0588253523778976,0.091066443202473,0.271053587777983,0.437285386496568,0.607462751521387,0.434574533610929,0.478084182085706
"ENSG00000254277.1",6.87708322289831,0.00144641627540356,0.00135297573088259,0,0.00203727709283233,0.00639113765983955,0.00119339027317711,0.00262619216698675
"ENSG00000254934.5",6.81304797611175,0.00245019938465979,0.00271497059873752,0.00227715128529559,0.00488885319485431,0.0327435753734025,0.0149246436717157,0.0228938392856164
"ENSG00000254339.5",6.52655499591463,0.00239074383738354,0.00107993236254193,0.00239098062728381,0.00192079799098321,0.00619431370978815,0.00341621197709747,0.000653334646685808
"ENSG00000260834.1",6.5120494830346,0.00143085434825627,0,0,0,0.0100990957487508,0.00154630987364597,0.000519377294041505
"ENSG00000279560.1",6.4676848526699,0.00518196604698841,0.0375385872118059,0.154206168313623,0.022979014574653,0.0300620866334098,0.0369298540934018,0.0492813923565569
"ENSG00000206557.5",6.71375115510242,0.47162159141093,0.841981139595886,0.31946476928362,0.362188949598496,0.208173566718646,0.218006478595613,0.250037216634837
"ENSG00000133980.4",6.17047065533324,0.00243176077678712,0.00286056989234321,0,0.002704994735777,0.0207643129592691,0.00411494065108119,0.00347192399939116
"ENSG00000280707.2",6.17462568462895,0.0369759887131854,0.060309989077588,0.0456867713657118,0.0130097724067679,0.011024659991536,0.0063844327853179,0.00716519826519112
"ENSG00000101115.12",6.21578015763731,0.167890507704878,0.125570669029906,0.160513383359284,0.035076090991783,0.0337671521461242,0.0295817377049453,0.040382585680516
"ENSG00000147596.3",6.11586164614427,0.00340397650900823,0.00130481492196436,0.0062999785324231,0,0.0219751966219945,0.00236978138166707,0.00113886698500919
"ENSG00000248329.5",6.08292095538836,0.0702437150746659,0.0671373446324485,0.0844337924940392,0.0463708311908864,0.0265308917102579,0.015515944216157,0.0225242786902654
"ENSG00000213860.4",7.16474227716493,1.38290093299488,1.17421294680815,2.04037173457882,1.26920214461888,1.01816614116644,0.758375388769302,0.88115323566467
"ENSG00000154146.12",1.48292056641011,1.18352124790998,4.29964342260239,8.83278466643972,9.68430367061761,10.0005967618237,10.274719763286,10.3953166602722
"ENSG00000152583.12",0.276749759658836,1.23644904069978,3.31884721078848,7.94799740136919,8.19826636137108,8.28868956060394,8.57629739542371,8.92326075132627
"ENSG00000123560.13",4.20003314020316,0.860060635740527,1.22166525788129,2.87467254690121,6.62861940956637,8.20727588937038,9.02014671750889,8.99193079132553
"ENSG00000197971.14",0.694452181590086,0.23785023295968,0.487434900486776,1.61155613474563,6.17043494194817,7.84060707523969,8.04868891963432,8.2176109332002
"ENSG00000131095.11",0.234209122298506,1.118199639991,3.27144901424415,8.78704851375887,7.17158779046892,7.56815928694062,7.46778584206295,7.82703276835746
"ENSG00000130203.9",7.16358909180854,2.16454093300879,4.05269931808321,8.66539130385709,8.34002427564813,8.64940783901719,7.19811657260338,6.69836122381399
"ENSG00000107317.11",0.374890185771693,1.45281876306705,2.98793672196937,5.86086601812662,6.43334333622546,7.96569157322483,7.89892978994887,7.84690232853126
"ENSG00000135744.7",0.0892780391339666,0.0940835421682767,1.55752267411133,6.81054595832599,5.68462619907337,6.28380140664369,5.59379796536703,5.23062964416877
"ENSG00000209082.1",7.29788153136242,1.33911772027554,2.84192724552873,5.53868859321489,6.94899677677235,7.0800930652004,6.53757260617976,5.60271405409209
"ENSG00000171885.13",0.325685803632752,0.0879314718925762,1.53977264477333,6.04133501802643,6.00091412055596,5.78203514504368,5.34597499205966,4.91089417206658
"ENSG00000145824.12",1.38785420984171,1.0764902738328,2.90910591883947,5.65460546225428,7.19081647996572,7.06208562245091,6.11580264106128,5.49169896123433
"ENSG00000117152.13",0.245189264823767,0.226566323588648,0.468206232996282,1.90083785062227,5.54213552810816,5.54687316454777,6.85244036103285,7.13023424268378
"ENSG00000070808.15",0.0856856700958071,1.56798760762873,2.4997485592243,4.99035782902786,6.49583677140847,6.76547861845152,7.96830055157764,8.30208173586879
"ENSG00000120885.20",4.82765340354308,2.92419222213178,4.14908169334248,7.8118239538833,7.79281220329533,8.465846551011,8.22716026648503,8.29615895526268
"ENSG00000187094.11",0.244240145323455,0.970049783266349,2.67617568765679,4.50119033533825,6.12873118428316,6.06298037462837,6.52568057400575,6.71186642249019
"ENSG00000210049.1",1.90259196142189,1.52735288545869,3.19738860827979,5.1819917056671,7.53397712047554,7.57001081097137,6.76616359920153,5.42352516746337
"ENSG00000109107.13",3.67720940842607,2.169551714809,3.10733442243637,6.83163049945679,6.97524138789386,7.53945140891598,7.43802478447337,7.52568964661349
"ENSG00000160307.9",0.352376152768153,1.70123067532209,2.57558041243791,5.22514684306803,7.1490543414158,7.51042577683637,7.17113656848992,7.13517141001226
"ENSG00000021300.13",2.17321671202796,0.990030567007329,1.85367469569696,4.72542009432186,5.11853592563356,6.39502642629668,6.62783007223336,6.70364455189884
"ENSG00000124766.6",5.38987824020069,8.81388682933417,7.23898376287897,5.10307122224624,3.4777811120656,2.73897761952135,1.96579795370977,1.40460822721141
"ENSG00000176887.6",4.21614656594901,7.68559116001686,7.22807324923211,3.81430817494018,2.40413338926722,0.974273381761014,0.611363367836306,0.431658739981552
"ENSG00000137142.4",4.24854086600205,7.19520190758942,5.06979032305924,1.90398728670545,1.74272011324748,1.03211878247208,1.0233122301986,1.07993245348029
"ENSG00000077279.17",1.04469577476749,7.65519007482604,7.70156201972816,4.84528296027301,2.77815684287292,1.21644384314819,1.36549834581593,1.38714784322391
"ENSG00000158164.6",5.45593785841608,7.11467213785445,6.4902188983307,4.42246009858968,2.45190200633603,0.927696780271732,0.435433773269174,0.301783804062308
"ENSG00000127152.17",1.04088770521349,6.16639678049421,3.99734074399742,1.56155294679255,1.40116734265092,0.893767524027013,1.34990613410015,1.54612128368276
"ENSG00000134532.15",0.424215843909416,6.04892548520626,3.97557292384463,1.51385753449935,1.57826434211006,1.35648993846619,1.53413970222014,1.50425347810037
"ENSG00000165617.14",2.93297947652809,7.02527052602514,6.44190288815654,4.01148287019526,2.26553501386396,1.63646092697195,1.79655021038174,1.69373974877212
"ENSG00000196565.12",0.0221147715503375,5.44184793410539,4.54176832060317,6.82781775869654,0.851388390289977,0.0816970844706492,0.0262533310716474,0.0309192756389792
"ENSG00000143324.13",3.52688642577681,7.40690215640599,5.8760930728024,3.73574983340029,3.00899331226513,2.30166161683863,2.5169039686305,2.70496155936353
"ENSG00000254726.2",4.53594498435498,5.91388163626242,5.50477376826302,3.47056289046932,0.992593221926749,0.477136544653957,0.313856530971052,0.267370030241916
"ENSG00000113389.15",0.0545209968694485,4.79981641714991,2.05379870037075,0.936961995125025,0.951058459368403,0.369233376142957,0.362391802091632,0.345164816064934
"ENSG00000180730.4",3.26112633136393,5.34154273581643,3.19547505382535,1.49744671718853,1.11079590963502,0.548412582614333,0.556701213733189,0.460375028432551
"ENSG00000153266.12",0.340480532039776,7.29859079109972,5.23838865463345,3.74418561754492,3.38080321135131,2.7981264283822,3.11713667158402,3.2343140453424
"ENSG00000272398.5",9.51514116153416,8.28214775601176,8.34634767195487,6.76707104444376,4.82660994020017,2.29773119086181,2.22743053279179,1.82720772015323
"ENSG00000167178.15",0.24637756221332,7.63745673475902,7.62078104085283,5.52953779803476,3.46659964118903,2.51351876583429,2.72602396898153,2.92079653129495
"ENSG00000147862.15",0.851839266735298,6.94499648261139,4.96481746999813,3.04508816339888,3.21798270329431,2.9128190062728,2.88416400451213,2.66687854214043
"ENSG00000213420.7",3.7335587352569,5.41794842362215,4.98300663375965,2.05826378120095,0.762537421903693,0.587307010891633,0.45205251997137,0.432526586126303
"ENSG00000143061.17",3.96493599160595,6.44040824879491,5.5207064011312,3.44783021553952,2.21858367507646,1.32304931407107,1.78443584309951,2.04328597100402
"ENSG00000105695.14",0.108593674067861,0.0581287503737737,0.0597075388001169,0.594939293297386,4.27725901721878,5.44681749371719,6.1526306383434,6.1937133121551
"ENSG00000168314.17",0.223628859493369,0.0468119074371797,0.124707616770957,0.724579069579447,5.12022978116977,5.42494537894829,5.50572745173394,5.59878700456117
"ENSG00000172005.10",0.0951606470663936,0.0552446306126302,0.0342798599745755,0.453906313719284,3.17328195195066,5.53737762595366,5.79330243068207,5.62963005496237
"ENSG00000173267.13",2.0788752144218,0.908990583535826,1.25551917603962,3.36670568395958,5.42665754386227,5.92468618121549,6.25953924181733,6.67489069428997
"ENSG00000136541.14",0.285219852413234,0.0363814218872354,0.0481625734536531,0.101228006946837,2.53209509512178,4.93410885626668,5.83800478621048,5.79026737712874
"ENSG00000127824.13",2.75613771281488,0.369823133148656,0.83219144660148,2.73406631336321,4.44393081959874,4.92142881624054,5.88450055860399,6.15042394896427
"ENSG00000137825.10",0.208465460029501,0.575104597400734,0.659760677153247,1.87318758374561,4.66513864037919,5.3459248846851,5.43495064430383,5.4047131732746
"ENSG00000204655.11",0.193612802114536,0.0510751555574185,0.0758526166935617,0.462811544872723,2.85416037345222,4.43610735512586,5.29362966502703,5.37919140390264
"ENSG00000187730.7",0.607422174281845,0.6387200987776,1.11411282188191,3.39553894499123,4.83130119831053,5.12921200559366,6.00224633675614,6.42674615136467
"ENSG00000237973.1",5.46598296502811,3.39504636157801,3.47436957679876,5.5842587463277,7.65286559242219,8.1635955491284,7.26983142270056,6.87477083101802
"ENSG00000169715.14",3.37899101432317,0.220954425089693,0.950198051454464,4.97657961755558,5.21476726253439,5.44172955780621,4.69778605414571,4.31422092699689
"ENSG00000128656.13",3.36523687391028,2.6829232332247,3.10846433285695,4.57336077745745,6.82881553643258,6.78815716574011,7.71634645089125,8.010789917503
"ENSG00000100362.12",0.717148165473664,0.11638349985703,0.118624030569993,0.358284854740356,2.85600498509249,4.06855090685478,4.69581153391729,5.01523120666727
"ENSG00000165092.12",0.739712402106428,0.174268391301026,0.353409651793349,2.70910428073004,4.05535573069674,4.93702305558467,4.28287432120332,4.01169259417848
"ENSG00000091428.17",0.484597870181508,0.62639806324242,1.35069035453556,2.85622826651366,5.37898261817785,5.48281883577268,5.95429239906924,5.80071776715197
"ENSG00000155926.13",0.111827442145778,5.81726076199981,6.19638108997877,2.87339031909711,2.23878203870611,0.988879301758206,0.795829777495007,0.771396328975287
"ENSG00000162490.6",3.75773758446659,4.57288507084339,6.00802918871495,4.23869337773475,1.7327166304449,0.674862560611962,0.655814298278432,0.566731561511888
"ENSG00000140557.11",1.26194156303874,5.2056390465069,5.77554799733754,3.4767808102669,1.43346751573915,0.623841131660344,0.545615523022546,0.436256820422162
"ENSG00000175445.14",1.20393597270255,4.04482086361611,6.09940617662179,4.52146750574329,2.04182038927151,1.55713999520721,1.50814877939428,1.99924213160306
"ENSG00000119283.15",0.0194469239126918,4.12820914143983,5.14309301607803,3.74550850284675,1.37625841458971,0.730646991210434,0.639549609999478,0.680282023854216
"ENSG00000113657.12",7.19398806586674,8.52909739119619,8.94840138589027,6.95878962419376,5.47834261377597,3.91559930796201,4.12024694312674,4.14242258535482
"ENSG00000101134.11",1.6693697230148,4.80242758936892,7.05471087457881,4.89802186274328,4.19739419913854,3.52363043876343,3.27038617361695,2.98192787818781
"ENSG00000180828.2",0.296559639129574,5.01195272445454,6.23858196549328,4.88340889108241,3.60417156025267,2.04571973753608,1.87791267001998,2.0467625868285
"ENSG00000119042.16",1.25089558276409,4.53598444578529,6.24113113120554,3.39754033407672,2.6513348183298,1.99662219372689,2.60019740034004,2.91811935248775
"ENSG00000167414.4",0.871430604009826,4.86971399180379,5.90206090128663,6.41633672135802,2.51117685651293,1.69169643782464,1.50629895534219,1.40690881258332
"ENSG00000169184.5",1.9850598649118,5.5109711404143,6.26454587115811,3.64250652357253,2.526517140422,2.20516754633982,2.18050939313231,1.93286021216876
"ENSG00000164434.11",1.55239418571362,6.33308209991843,8.082923069551,6.7017404500276,6.05554849883446,4.82900542456747,3.95543456920945,3.51676045123071
"ENSG00000257647.1",5.04915583671912,3.57354613308387,3.31903251436656,1.14893667018815,3.18490982627942,3.12984478259965,3.76374922096102,4.05818366168678
"ENSG00000091140.12",4.59635390290807,3.67309230802997,3.47010882505282,2.54625477222712,3.46976846224834,3.39358100940697,3.67248540270679,3.87755749284982
"ENSG00000205215.8",0.0169805568905175,0.0138342973429552,0.0149325328039408,0.107835850312629,0.012022171453988,0.00231715687250963,0.000502726419556435,0.0011385948471799
"ENSG00000004809.13",0.0075494520166055,0.0109466061058279,0.0230662557070584,0.120732239848934,0.0142622869739273,0.0300706124053967,0.0232713481094192,0.0211642876806035
"ENSG00000253163.1",0,0.00269534688296698,0.00428427173331654,0.117356224895402,0.0127406686974183,0.0120650252006922,0.00540244621695653,0.002804901347035
"ENSG00000184106.8",0,0.0196738210098306,0.0143660860515283,0.139386157960303,0.00772445823457743,0.0229357277817382,0.00225586136969277,0.00768129155568277
"ENSG00000275898.1",0.0191228280915878,0.00644793581765022,0.0451098922124276,0.161568815885344,0.0258731124229113,0.0259172944259416,0.0228935511698321,0.0417858555201396
"ENSG00000236069.1",0.023033074002934,0.00323345433045236,0,0.149031731575303,0,0.0126836833188257,0.00568359914897636,0
"ENSG00000253690.1",0.00240541247084762,0.00505047883627694,0.0310854741116713,0.165944121952028,0.0651117231354364,0.0119058523260105,0.0051143994440422,0.00233102365360034
"ENSG00000254764.1",0.0291619392407663,0.00157467071117053,0.00741476034053529,0.16796368908367,0.0233971771394378,0.0176746497871843,0.00784735799953412,0.0118295251137689
"ENSG00000137731.13",0.0484663444512665,0.0754768720367155,0.0935042548203042,0.226885289840263,0.04361337268869,0.0595679370376762,0.0466031756964113,0.0825896374645315
"ENSG00000100024.14",0.0490260295955878,0.0364355515503976,0.0792365743095862,0.242161731272803,0.0871331676486568,0.101395587770498,0.0882886021503223,0.0957556837656063
"ENSG00000113303.11",0.142548572588412,0.0140841267540131,0.010037121963696,0.190953688980822,0.019166342990351,0.0259572992833217,0.0169788318067184,0.0216581399357894
"ENSG00000224238.2",0.0156575575792851,0.0277992147336443,0.0529660843447873,0.19811636131751,0.0360251334602287,0.0344868452746114,0.0211797846353388,0.0152071949670951
"ENSG00000165702.13",0.095356703523005,0.0451898274999021,0.0510593359796551,0.214056931988778,0.0289149726412782,0.0467220681404021,0.0363245494783333,0.0390731684386271
"ENSG00000160013.8",0.0245530582792285,0.0271848259182875,0.0374303236685684,0.234496040386373,0.0673750258390753,0.0939655118487409,0.0887424651132735,0.0972219257410949
"ENSG00000132518.6",0.0419382567197613,0.0113222059332792,0.0433689013131855,0.226229994433968,0.0640022530520495,0.0693050087704089,0.0549113536070075,0.101332593465795
"ENSG00000151360.9",0.0130480303072616,0.0420572358263272,0.124233364906886,0.247119739604029,0.0697245240392665,0.0420929963267669,0.0892312656313046,0.0680350078482111
"ENSG00000244953.1",0.017632793310687,0.0771449494737029,0.119211055229184,0.239014614589883,0.0291191462009941,0.0583774816735209,0.0440818038468322,0.0343289513212823
"ENSG00000254401.1",0.00637019040206502,0.00478365304606711,0.0144964076131739,0.195917532979969,0.0262070744314869,0.0181116518825398,0.0171330725057555,0.0209107339237357
"ENSG00000188536.12",0.152465536709016,5.9850514873485,5.28268493857661,8.76297185211439,2.88602853444527,3.69555482578691,3.35137303424612,3.19822442476615
"ENSG00000206172.8",0.0214103208636184,4.933872949253,4.38579705702406,7.55773719197459,2.70445819932836,3.07352935020236,2.58665796290095,2.3616477840355
"ENSG00000106366.8",2.86333818028668,0.490993171657095,0.489063831732988,4.82353169017466,0.80686013915239,0.522228385645471,0.314116125033163,0.397423941785576
"ENSG00000128016.5",3.10663614806442,0.964353724334002,1.96264397501601,5.9707700918705,2.4815640648675,3.23730856823559,2.76752263513819,2.16510631990339
"ENSG00000167772.11",1.55759530327301,0.681168966223441,0.75195418220124,5.13164464735129,1.69667496767657,2.39397822163567,1.96437838850772,1.46756311276233
"ENSG00000115461.4",2.60848588625603,4.96437278898726,3.65360238995584,7.38416717522324,4.00176844104589,3.27823723418583,3.56645791051782,3.67789405173435
"ENSG00000187498.14",5.10779149887673,3.47250840735192,3.63762245404906,6.07432300867387,2.63633323313646,1.73822068630101,1.27311467391279,1.36953102393288
"ENSG00000142871.16",6.07455135367986,2.1277261880731,2.11988511201247,6.2351681111889,2.88045023169524,2.73211568271657,3.06423115357502,2.54144586935872
"ENSG00000184113.9",0.192325078434577,3.80208434999513,4.0804826228306,7.50875574004316,4.62576531544959,5.15479412182813,4.05398657465336,3.66806510877005
"ENSG00000206177.6",0.00169281130405831,1.28105395767029,1.03154886741168,3.99354363720785,0.167690884201523,0.246285799880041,0.137930372563661,0.158877734360493
"ENSG00000049540.16",0.709115094676716,1.10020819129784,1.99672312627674,4.93331384400919,2.37834696967666,1.84892014775157,1.38774142494607,1.48275218796483
"ENSG00000134871.17",4.87166353132747,3.42581643386318,3.81451565969415,6.04064752402511,2.6773281780881,2.07093640702965,1.78938967117934,1.81792655345347
"ENSG00000169877.9",0.435290728046424,1.69075169882547,1.12070779690574,3.83139863178328,0.0948419839625315,0.0896892781382782,0.0689288772455626,0.0348838375150717
"ENSG00000125968.8",6.97066895548257,2.58848644149861,2.61968296886318,6.86984621243598,3.90792501449153,4.65503623874271,3.78473274953179,3.58399054940153
"ENSG00000158578.18",0.148679807699562,2.2793842183613,1.7659753326494,4.02804717514625,0.264325347791372,0.262723797295427,0.169382987233877,0.0959049324933128
"ENSG00000148926.9",5.40660773139663,1.0519244169986,1.09948699217774,4.47927694144933,1.28951329354001,1.3078755741488,0.936935017289381,0.805329764778468
"ENSG00000041982.15",3.44055945718195,0.942707304569497,2.95260931808114,4.71610157317337,2.19946543363478,1.17843537301524,0.800699613519465,0.660670404373561
"ENSG00000186897.4",0.316660214051855,0.038210748348333,0.153052856370859,3.31019455198826,0.638346541629589,0.0827331825831388,0.0707803447448404,0.160327785335786
"ENSG00000178878.12",0.315088010219185,1.96583574221562,1.88849091584867,5.3872580751512,3.04370370513611,2.95592958589563,2.72693147029818,1.91489634646651
"ENSG00000115414.18",5.67960090959324,3.24659145004494,3.6359718995036,6.4167504886671,3.59608977184537,2.95013320661966,2.9364455942771,3.07870046151604
"ENSG00000100242.15",2.25867900573949,4.24153438551354,4.08422758745704,2.94246551282783,1.78067039305051,2.88194286591193,3.87926962846676,4.13778978819609
"ENSG00000100842.12",3.86684707374648,3.95805175482107,3.7020492833914,3.04767437266477,1.52621652691797,2.22258187609655,2.90222192180513,3.05945075612929
"ENSG00000065809.13",2.66028379131155,4.46630355028615,4.09238030679105,2.50052188294303,1.89401185288882,2.56633104358171,3.26980193488749,3.27255241154798
"ENSG00000150510.16",3.60083716486233,3.07834719603464,3.21342918075293,1.63735630819174,1.18083360322501,1.56484811881875,2.21042992218535,2.35095894734933
"ENSG00000142453.11",5.02046711782443,4.12806042378722,4.24756920737488,3.24016379569143,2.32516524371024,2.61478666190963,3.20954996399787,3.63548863887353
"ENSG00000168758.10",4.45033228031547,4.23318942518652,4.4112676568927,3.17792524401879,2.18337956399641,2.35698294453935,2.91047233615238,3.13124603632061
"ENSG00000114019.14",4.5938933858735,3.82741113801033,4.19832128021592,3.21760598618168,2.15760857787447,2.39802506342238,3.01198688968032,3.17210336184931
"ENSG00000137497.17",3.49864626507577,3.40017908112537,3.66715784723067,3.19409781410969,1.80881131448843,2.06894378344622,2.80969601598626,3.08002043002044
"ENSG00000129757.12",3.02851322231965,3.10778710575139,3.97523537745072,3.81528335540485,2.00849250372352,2.53831051460157,3.1386009320739,3.36334842075313
"ENSG00000033327.12",2.11087067762736,4.37456895452006,4.52243159964414,3.09943416281826,2.5313564133353,2.98573913039546,3.63775720706566,3.88620629136322
"ENSG00000132382.14",4.7294591338144,2.85079785832968,3.15970880509083,2.36463946603006,1.73445665933193,2.07433520542662,2.9098149863234,3.34929584213273
"ENSG00000130479.10",3.90264542459274,4.04792283756283,4.16433945862287,3.94327579549969,2.64395217656538,3.05583148995214,3.70301746307365,4.06810607614623
"ENSG00000166086.12",3.68538008117441,3.36413294309776,2.9105320846463,2.70571622298957,2.18890054131964,2.88181319823969,3.77524145716121,3.93479466130677
"ENSG00000164880.15",4.39955239794852,4.13023655498165,4.25026138895065,3.57180746022985,2.74675226821835,3.14458438414217,3.74921009684887,4.05301194195166
"ENSG00000173456.4",5.08455838608908,3.08875825796709,3.00355603027348,2.95898912774777,2.0152929401469,2.53636333669327,3.21643153935213,3.42927352826381
"ENSG00000137166.14",2.34007620163972,2.7934539723888,2.5286575371954,2.05867436306851,1.30213549724931,1.78650320828573,2.41098723098511,2.72675140001191
"ENSG00000148396.18",3.78423112191827,3.5603008100395,3.65732100820018,2.78350697839716,2.03845900917332,2.22972241454934,2.89714065213481,3.2790252238033
"ENSG00000131899.10",4.57611324296798,4.10577868933272,3.71475065706667,3.98117333065975,2.66617927035491,3.27038451183859,3.69737403235102,3.6836266476327
"ENSG00000163931.15",6.15915442463912,5.01185716688892,4.62376131523819,3.89293846408716,3.30053429947821,3.71105107357185,3.93819019943329,4.04529550983571
"ENSG00000107362.13",4.99561361094344,4.21341646655696,3.64395140755178,2.51243846602314,2.49983137390577,2.90858563740696,3.35954940709901,3.45148778345656
"ENSG00000147571.4",0.0467993501097363,0.172558377890734,1.36754298437183,2.74960253639745,4.24179815308507,3.10464538361033,3.3461108314378,3.17262305382747
"ENSG00000145681.10",1.05594168304237,0.294608717320314,0.521179523758332,2.49030770887173,2.85981972402539,1.52826291470303,0.985403699036029,0.985455283810538
"ENSG00000204347.3",1.15279121365441,1.246798526414,1.88185319470711,4.05195481570857,3.81720944440485,3.18900792758974,1.64645080836379,1.12213195395073
"ENSG00000139155.8",0.0805830489347811,0.193275227332463,1.0921191012457,2.63068245931047,3.38657808904916,2.94950460297895,2.24244939805159,1.73932145397131
"ENSG00000272865.1",0.0728761491562855,0.100274255215105,0.70308306528624,2.45739366950627,2.6199794538854,1.44872389456521,0.736334079243603,0.983286685608174
"ENSG00000236494.1",0.107894494374292,0.0936894751482521,0.16802140883816,0.320268670754704,2.16485218751086,1.30054015533732,0.46058047967399,0.14529248978369
"ENSG00000250166.2",0.0139130126222623,0.038311570062189,0.35646351633681,2.37115596621374,2.61575786600083,2.02233226854838,1.21744717570142,0.926698926111825
"ENSG00000224525.2",0.141095694935252,0.0585658357044804,0.480202039458918,2.15645595637862,2.34406115446898,1.37357845513784,0.604395710810005,0.723536128071798
"ENSG00000134982.16",2.56310832522284,4.71522073182018,4.8655237603744,6.28751298319373,6.11968444849619,4.45654572350076,4.58545886338173,4.57028340826717
"ENSG00000145721.11",0.97078535877532,0.917321663411618,1.10108006378671,3.62240109926172,3.22788000670135,2.40546966602524,2.12651411592696,1.93462222709705
"ENSG00000137843.11",0.539071387146574,0.969546159631722,2.36163772596777,3.52112436596204,3.65831901369009,2.49776183767273,2.69477658776316,2.68554674520821
"ENSG00000270001.1",0.175042859164808,0.285379348562837,0.488701666274258,1.20366552178172,2.52330443329747,2.40309240878731,1.46093541340892,1.08344986160212
"ENSG00000137766.16",0.0334914481379288,1.10962415784354,1.15472702627189,2.50380120122969,3.3910651945324,2.38954931101531,2.84732717703707,2.97217807018069
"ENSG00000171189.17",0.110941797305109,0.537350515376064,1.28605651131692,2.55457594800637,2.85883319168066,2.03899910573099,1.95509496985279,2.02886541168357
"ENSG00000154102.10",1.04415592109534,0.282611925042125,0.417639970293775,2.47738420333471,2.16255767968774,1.65671687733668,0.861903928985689,0.624831340400075
"ENSG00000187398.11",0.724300021036884,0.677383659929301,2.10053990884094,2.74688438796348,2.95916397863785,2.27887242127246,1.87991601869213,1.55954753162296
"ENSG00000261701.6",0.0682636874565342,0.0153376028274431,0.0662545058952154,0.150638367980442,1.84964215614826,1.42017362697567,0.836021294537012,0.913930571843076
"ENSG00000204711.8",3.44486357730133,0.0810912613822567,0.0799971692422732,0.0748947386811757,1.69689984528624,0.787581057485817,0.224194108497447,0.0919330918977285
"ENSG00000173991.5",0.64559451078227,1.28754321947649,1.83462118910921,1.82105469693988,2.91026861362854,2.6419633654903,1.76223885319838,1.30095365457111
"ENSG00000189238.5",0.00170915209028775,0.299123907992194,0.797706508085348,1.77589253998391,2.04319965331195,1.60578335039437,0.936291493981773,0.697504529420994
"ENSG00000168824.14",2.73375401113138,7.13670895485931,7.11345803513251,4.98184277532417,3.43167449926096,2.92085097151295,3.91634427767532,4.68619317769438
"ENSG00000196230.12",9.40507547200599,10.1315542482111,10.031427658399,8.57592529725732,7.36938366155048,6.33938626962987,6.56536569288526,6.55076767991723
"ENSG00000148798.10",2.88663918559772,7.38527185406349,7.87057917529363,6.36695651287418,5.75054578944753,4.66238207850583,6.04048831577157,6.73679289339272
"ENSG00000134313.14",3.26321011568887,6.8293441113274,6.31723301058407,4.43035261980681,3.86925458198723,3.18898401856265,3.79710635525782,4.11295198049876
"ENSG00000100129.17",5.83590985836,7.10368519398645,6.38076158611209,5.08181570119065,3.99611490440586,3.58034630429714,4.15715370506958,4.3264327576165
"ENSG00000138439.11",3.18346961967195,5.04960776701744,4.68711089467956,2.68629246534257,2.19445699834806,1.57620969524933,2.01012600967618,2.09622605254658
"ENSG00000075340.22",4.31758539353875,5.26675022927472,6.09706685666295,4.32242734379875,3.87541946735927,3.10451749073465,4.23725217168265,4.58782518201372
"ENSG00000143702.15",3.66661455723179,5.05956400662327,4.62186347391998,2.71573259835179,2.19902939248173,1.67820640429028,2.07418727270419,2.29798808869768
"ENSG00000100320.22",4.39746299509205,6.34602071145232,6.35852180971753,4.58622997594758,4.14543699901425,3.5248505722499,4.29164190021111,4.68467776290657
"ENSG00000167771.5",5.21757885212574,4.56188365126178,4.28185362374263,2.87269450007556,1.9638005370279,1.72446580383517,2.41856303425913,2.66155735429882
"ENSG00000117139.16",4.83068920969638,4.93709039771771,4.26373721018342,2.65822044921127,2.00473072977674,1.61323990303144,1.98196184886634,2.04662611462871
"ENSG00000228343.1",3.28833451211272,4.21407782234114,4.05549419970629,2.55390861110917,2.11420844086882,1.41532175015148,2.04915451902985,2.28550882182311
"ENSG00000077097.14",5.99757284244982,7.04234495368237,6.63013823509367,4.65117901239877,4.50774002560443,3.97187465308752,4.54111760242344,4.73690289727742
"ENSG00000004487.15",6.02882709872685,6.07890134324679,5.51313502240376,3.98749228221329,3.38565649350359,2.94448613425792,3.23490069367083,3.54164722143636
"ENSG00000130396.20",4.62249920106669,5.19275758711323,4.36662064588018,2.79453395985966,2.3103370123375,1.87274818095708,2.12648080906564,2.41019569641617
"ENSG00000142549.9",4.64514033366443,5.89480090169505,5.58214912880335,4.54123382858229,3.12098182237319,2.83166889536976,3.19258699792324,3.47025148021252
"ENSG00000008300.15",2.7111768693048,3.97613255752736,3.95325110649075,2.29666441531874,1.51298088423332,1.25146099356697,1.92445545557637,2.34918797458929
"ENSG00000127616.17",5.2697709246044,5.55891947073159,5.4084977699545,3.97884492669734,3.09079995326683,2.87155516803077,3.49696510578364,3.91522032571477
"ENSG00000256148.1",0.113544571468077,0.461155608686904,0.668041107014437,1.50402261676186,3.00477223498898,4.39846785760891,2.70622722659976,1.90079086034954
"ENSG00000170075.8",0.0763601478356674,0.0276654458767107,0.599374210458026,4.37447233355072,4.15462442085649,4.91729828566492,4.49544554293901,3.85490684049926
"ENSG00000248527.1",9.74851776092918,7.95678220330369,8.47655546572365,10.2835662379135,11.5923389322673,12.348969448746,11.2803681786675,10.8473937115456
"ENSG00000121742.16",0.0474406982765028,0.395494880160969,0.753526769267776,2.11739474369296,3.57223251051907,4.44340164815523,3.56175031593806,2.9680049865125
"ENSG00000164089.8",0.643155359149486,0.170851631141867,0.13576207142288,1.34737883533174,3.21794031567834,4.37463426739951,3.96807855086173,3.69996870070724
"ENSG00000130208.9",3.87083243313961,0.528461418904041,1.18657608380986,3.71541772230188,4.46165869748097,4.49682524609792,2.36441044021803,1.75074267736917
"ENSG00000156076.9",1.18004381589157,0.578781435483244,0.937995838874292,2.29289302516817,4.28556317046597,4.65060846958498,3.66479281283511,3.1654129610319
"ENSG00000198840.2",10.4786504565703,10.3540459129752,10.9581525144296,11.8593921402586,13.7870907731977,14.1989147055893,12.9833913588601,12.4145628840803
"ENSG00000125144.13",3.84693904544927,0.0384559726553958,0.101155978192628,1.80539776267495,3.21451907139013,4.21117215884882,3.51789266265238,2.84952076845196
"ENSG00000125148.6",3.40931886236795,1.20285274612318,2.03919511579432,6.10708946302021,5.04985950165686,5.7581913548991,4.76967810256106,4.38440261027552
"ENSG00000165795.22",2.14091723024162,3.77138379008421,4.1651458052988,6.81070955328379,6.86700297155523,7.75788324558547,7.19479625421607,6.91123357334802
"ENSG00000205364.3",0.81465774551643,0.0520897994940979,0.341065396436163,3.08062344188751,3.59120948129879,4.1008257461633,3.17563712474192,2.77433979428714
"ENSG00000167641.10",2.38923902053774,0.894630004760111,0.752942440162148,3.03252029953406,3.2161356652253,4.93111474312767,4.77410899015484,4.745068417983
"ENSG00000187608.8",3.69129238296526,1.19998150952628,2.22207474332198,4.80528839815,4.77541145171143,5.37327002241098,4.12803810248805,3.91499001387075
"ENSG00000228253.1",11.7819343822975,9.23043837537918,9.86482734172621,10.1690746537906,12.7791257315621,13.0166430830278,12.1502503009793,11.0022365085635
"ENSG00000169006.6",0.014228579070016,0.0446688559158559,0.183322266303483,2.501802959274,2.87468342232114,3.81184841430971,3.60106132293451,3.23780120432444
"ENSG00000198804.2",13.0291233662283,10.5738154751888,10.996796584815,12.951528011241,14.1114516006205,14.5180431075215,14.1229877334879,13.1953515982
"ENSG00000197958.12",8.04281415073199,7.53278021939499,7.54206108758587,8.78951869431459,7.07213358476676,6.39056844977808,5.61529080091405,5.65975688069801
"ENSG00000279359.1",0.000814018312480454,0.00164705764921396,0.000837135905388441,0.00468041447860557,0.00254493139826196,0.0510819932254743,0.121313355275735,0.0677819994954927
"ENSG00000224521.1",0.00116946148645024,0.000852545509157654,0.00137339945943481,0,0.0094520952939302,0.0351583272621506,0.144109101545074,0.0764864889028027
"ENSG00000147889.17",0.177464440043617,0.0137424893291109,0.0160363506676275,0.118492916802217,0.0539389462198499,0.104389169782293,0.207999444452826,0.182020199770068
"ENSG00000259021.2",0,0.0018784668165224,0,0.0542528254167553,0.0026222134649057,0.0121472224303683,0.158668003339271,0.08470750719669
"ENSG00000283633.1",0.00991897461206905,0.00903005019524169,0.0169738810923842,0.0372647938134065,0.0351168694711051,0.18661682641341,0.306228487102125,0.257519578371875
"ENSG00000110448.10",0.0617090746496112,0.0228962750594011,0.0294998253453251,0.100765781330829,0.105874126414389,0.176172014397768,0.338443816055827,0.301363715696994
"ENSG00000225308.2",0.0653581366838568,0.00814559716055946,0.0506572714382446,0.11541014811477,0.122195638785853,0.128454739107687,0.343160204975815,0.133705850139586
"ENSG00000165269.12",0.0471575164355936,0.00662726710268542,0.079867771190727,0.215751636643213,0.149366411203036,0.166823595363639,0.407329062981053,0.173125926273476
"ENSG00000211689.7",0.10372590155885,0.0229777085111521,0.0286770480731108,0.124862664618861,0.188250767738649,0.291084623728028,0.458219962655439,0.218973223595635
"ENSG00000224513.2",0.0134608370171909,0.0136701451924566,0.0403810881600205,0.0583391825912474,0.0372555691857159,0.139238619044027,0.4311779863297,0.33806293233233
"ENSG00000260653.5",0,0.00120210213815879,0.00105588319533315,0.000911566503024441,0.0123286731065454,0.104792133764904,0.428274896386423,0.445088495791239
"ENSG00000170523.3",0.0163097188571835,0.00123678035182511,0.00211268584699338,0.00454875135640802,0.0506750943972516,0.256834035988633,0.488791722211114,0.49705896824656
"ENSG00000226578.1",0.0597225983451962,0.0973493572416683,0.167670788284435,0.196145450743368,0.269230593967753,0.366747976789039,0.708089736316584,0.729826672582158
"ENSG00000227958.1",0.0565704138122335,0.00513481519585211,0.00413576777463356,0,0.0285479786479655,0.143150340715569,0.534921478769188,0.478134231691809
"ENSG00000262873.1",0.0422615132094188,0.220694907333846,0.335431518158438,0.2858792081306,0.394279532877799,0.525649417972183,0.881167246047402,0.823204343724174
"ENSG00000166558.10",0.0958852452246029,0.0528408225735725,0.0324312817671499,0.0759663377176542,0.102980921822229,0.306235974725384,0.611000650551075,0.304430288681539
"ENSG00000281186.1",0.0260620924145289,0.00524461346559326,0.00256650475640717,0,0.0423149019416019,0.0964493175628831,0.586387231180083,0.474034686727285
"ENSG00000237166.1",0.00663928703423701,0.000636102006322078,0.00151052188884861,0.00420869385917678,0.0178770638137192,0.144462072461644,0.630324245777635,0.614423317712159
"ENSG00000162456.9",0.000758180201737613,0.0934314486887185,0.150742480016199,0.302332124572599,0.3881731320451,0.546342970254167,0.877373826934303,0.791692762424017
"ENSG00000197430.10",0.0682005111670006,0.00165135893809086,0.00329794476207314,0.0253247165447808,1.46065160967932,4.21463650968596,5.05647524062873,4.98305619307155
"ENSG00000091513.14",0.126809657338796,0.309913011292437,0.86203944621063,1.15850688994205,3.16707344581806,4.52242207152667,5.63523054781646,5.60702654089339
"ENSG00000135426.15",0.0146088801291979,0.00718448721937997,0.030146619499546,0.0502137223274106,2.23808379471707,3.266591174769,4.9092042278901,5.40165127307055
"ENSG00000172508.10",0.326106465842072,0.0422019214594493,0.361332665209413,0.7085268247277,1.67284912817339,3.27418162081132,4.53235195558834,4.82035343539145
"ENSG00000256193.5",0.000868101109529661,0.00197428805436047,0.00133090208762028,0.0036785916667056,1.43592902517047,3.20878406561533,4.05844970636107,3.68863283516383
"ENSG00000136960.12",1.43477196203441,0.399661622691628,0.59679796010091,1.18748608537775,2.50968286612732,3.59884844584914,4.7784209613632,4.8373744609977
"ENSG00000150656.14",0.0370255163541163,0.0475261488043647,0.134219852689137,0.0709531019489428,0.449421898250402,2.38839995731936,3.74655616768597,3.93838875022825
"ENSG00000167755.13",0.828330896907341,0.0131775552812587,0.0165711535237002,0.040484782554483,1.04658183110566,2.91047901276163,3.9261825789111,4.04679421304604
"ENSG00000164124.10",0.830667797794897,0.054041656645685,0.083457275968713,0.276686322374289,0.782966008499078,2.64348273648652,3.70446015981566,3.74436347314392
"ENSG00000124920.13",1.45925840959853,0.249099020138865,0.490734204445542,0.877029665989703,1.07163456642911,2.47968411879936,3.7952223669498,3.98558374612329
"ENSG00000165643.10",0.00945656516352688,0.00608816216538744,0.0876772484432486,0.641214806166782,1.69009678324153,2.62924637108814,3.39084408843951,3.53728654946796
"ENSG00000224924.6",0.00894029382247275,0.00829135581824362,0.0295599253598017,0.16329120270914,0.780179018934142,2.33569813242648,3.11550193808982,3.31890826679283
"ENSG00000103184.11",1.16281487786773,0.0645031998910562,0.23983091675984,1.03944165531218,1.09008748002407,1.95751074638276,3.28295236559927,3.86251743415085
"ENSG00000180739.13",0.994110913075073,0.036705401951688,0.0330123750719054,0.0840629534133338,0.551157149881832,2.16176672822328,2.86225514353208,2.95585659858367
"ENSG00000158865.12",0.0868533347473802,0.0382894675188303,0.0846705321837351,0.0612610848984627,0.337599424594165,1.40875283464657,2.45562519116809,2.70233381567598
"ENSG00000173786.16",3.50219513405629,3.98859016747065,4.27446827841967,4.73606632963346,5.10972771290967,6.05335024537969,6.69001030293177,6.58551608850806
"ENSG00000169035.11",0.297479841919426,0.00265840095859365,0.0059579801314577,0.061874750848289,0.236062578464306,0.947810350637138,2.33318028860662,2.73319911862306
"ENSG00000186417.13",0.268735495201232,0.0853302641356263,0.238168105714712,0.27681859295187,0.48912189344181,1.43710959122675,2.50512384476397,2.67996085101325
"ENSG00000174576.8",1.17169784144946,0.00626567776867458,0.053832104706793,0.0882095845137778,1.00188602333253,1.06507403416428,2.13862792713741,0.93320824962782
"ENSG00000137285.9",7.2161888537305,9.98480183784423,10.0383465489941,8.52408351133324,6.96725841459899,6.48586424648575,5.31590662171239,4.89792409671391
"ENSG00000065978.18",8.9964093172119,10.0429013804542,9.81452695039082,9.09520329789468,7.25055828139996,6.35039172756063,5.63009446809585,5.37306277902147
"ENSG00000187840.4",5.78934243970819,5.60782645334193,4.970884189636,4.41157098334427,2.61291207893262,2.1548676638495,1.57720688353207,1.39395900061086
"ENSG00000237550.5",7.90316233526572,7.75243277976334,7.07164641545143,7.39332315956665,5.58772168692331,5.78237959061639,4.83941310078352,4.15176688945339
"ENSG00000213866.3",3.95314789232599,4.96698163611664,4.63711378576907,3.62176284930904,2.30054321971223,1.32062627435364,1.24960829462204,1.01009422341797
"ENSG00000213722.8",4.47486305094121,6.643024087352,6.51028754341275,5.47439840502341,3.61487530102375,3.44949846685267,2.93708551909174,2.72068446019813
"ENSG00000189343.7",6.44048101127976,4.46780959541128,4.29772715009768,5.04869864651825,3.2602374487246,2.41352906600054,1.99830089835585,1.58697067564603
"ENSG00000173457.10",6.19099235289695,6.37556591963286,6.15813236797268,5.5187115650037,4.02946220897519,3.7355107859421,2.99259567524503,2.91773948767702
"ENSG00000179967.11",5.38653502462559,5.90337817238615,5.71137740228569,4.72857900743458,3.16108624060756,3.13383592952093,2.41139848268115,2.39323543736608
"ENSG00000213442.5",6.31948511611915,7.09949345278535,6.78606176335636,7.05102082143692,5.15984023673649,4.7156359098233,4.11467162574743,3.87206229049469
"ENSG00000174721.9",4.07682497654557,4.35303023506942,4.72312722506434,3.31290222905824,3.02470442989957,2.04947028425084,1.56230037357649,1.44316789182823
"ENSG00000140988.15",9.17408768070175,8.64119935177936,8.44384446515534,9.5742610899268,7.27581610222607,6.48305093260377,5.94260378658808,5.82019989215658
"ENSG00000236552.2",7.1720284700215,6.4883990021714,5.78465009281147,6.66081481469647,4.36478724710327,4.05227832242141,3.44994152343748,3.3279171499867
"ENSG00000229119.3",4.94011171329409,4.46799452423426,3.90846413887091,4.4011836444308,2.47798246410731,2.16079589656915,1.69382899728125,1.4249260728024
"ENSG00000115457.9",5.19317693185318,6.0583732524672,5.44627468629932,5.20442089150828,3.39217760659634,3.33848093150779,2.47906117086853,2.59244424332323
"ENSG00000105372.6",7.29985429052657,7.9241629135438,7.56606628563146,8.04190848752089,6.0810012946572,5.76394199026231,5.08885448673907,4.91170861432635
"ENSG00000105640.12",7.38712171220235,8.47980502193732,8.0951575668082,8.30631124928789,6.41705533044447,6.22766778698211,5.36638742042783,5.33655934904749
"ENSG00000105711.10",0.715366547719136,0.123186841361568,0.393038122436854,1.14324567339552,2.1858307530669,3.33983869331546,4.51810381313022,5.43183225289649
"ENSG00000168481.8",0.0101742655050974,0.0599039948344215,0.705018308480378,1.89586095496652,2.72641630789262,4.3158382030923,5.33674332096042,5.83938362888843
"ENSG00000139190.16",2.42402959065563,0.447696831922513,0.891332658121909,1.6442158645109,1.8321846458421,2.51548262210943,4.04726434113403,5.22735162589436
"ENSG00000100285.9",2.0100159374838,1.38950858177399,1.47929243183698,1.55359688574369,2.68432518250664,2.83041254712713,4.62646991360302,5.65156048520996
"ENSG00000124134.8",0.561062699238244,0.32530847846342,1.02246944239222,1.22804143815252,1.21871847083144,1.54466406239758,3.36753927775692,4.46724364033629
"ENSG00000108797.11",1.90160475078567,0.495727525524865,1.68743392994443,2.49845475600918,3.27875671690335,3.46239222880966,4.87800583067532,5.62237786245913
"ENSG00000157782.9",0.584872303774363,1.41239815484997,1.56422646522865,2.55480630780851,3.5337619041013,4.51112496908262,5.38370259782322,5.97105599362526
